msg-GaU165427,Hello,user-iIP330521,act-PCK210656,1696352587856
msg-NmP166510,Hellosds,user-iIP330521,act-PCK210656,1696352587856
msg-FCi593349,fung,user-iIP330521,act-PCK210656,1696353713120
msg-BmJ193945,Hell111o,user-iIP330521,act-PCK210656,1696352587856
msg-cQc971430,Helsdslo,user-iIP330521,act-PCK210656,1696352587856
msg-uMD969562,fsgsfdgfds,user-iIP330521,act-PCK210656,1696352656147
msg-dHV390778,fdsgfdsgfdsgsdg,user-iIP330521,act-kss8630,1696352656148
msg-jxs461290,sdfgsdfgs,user-iIP330521,act-kss8630,1696352656148
msg-oGT814133,sgfdsgfg,user-iIP330521,act-kss8630,1696352656148
msg-gnT945739,fsgsfdgfgdfgdfds,user-iIP330521,act-PCK210656,1696353710101
msg-jHN131169,fdsgfdsgfddfgdfgfdsgsdg,user-iIP330521,act-kss8630,1696353711108
msg-TyC397071,sdfgsfdgdfgdfgdfgs,user-iIP330521,act-PCK210656,1696353712112
msg-Xiw530657,สวัสี,user-MEf337756,act-PCK210656,1696451980876
msg-TMM552419,สวัสีด่าดสกดก,user-MEf337756,act-PCK210656,1696451985626
msg-Hlp463948,สวัสีด่าดสกดกกดกดก,user-MEf337756,act-PCK210656,1696451988250
msg-Zkt295733,สวัสีด่าดสกดกกดกดกกดกดกดสวัสีด่าดสกดกกดกดกกดกดกดสวัสีด่าดสกดกกดกดกกดกดกดสวัสีด่าดสกดกกดกดกกดกดกดสวัสีด่าดสกดกกดกดกกดกดกดสวัสีด่าดสกดกกดกดกกดกดกดสวัสีด่าดสกดกกดกดกกดกดกดสวัสีด่าดสกดกกดกดกกดกดกดสวัสีด่าดสกดกกดกดกกดกดกดสวัสีด่าดสกดกกดกดกกดกดกดสวัสีด่าดสกดกกดกดกกดกดกดสวัสีด่าดสกดกกดกดกกดกดกดสวัสีด่าดสกดกกดกดกกดกดกดสวัสีด่าดสกดกกดกดกกดกดกด,user-MEf337756,act-PCK210656,1696452012042
msg-ihJ732099,สวัสีด่าดสกดกกดกดกกดกดกดสวัสีด่าดสกดกกดกดกกดกดกดสวัสีด่าดสกดกกดกดกกดกดกดสวัสีด่าดสกดกกดกดกกดกดกดสวัสีด่าดสกดกกดกดกกดกดกดสวัสีด่าดสกดกกดกดกกดกดกด,user-MEf337756,act-PCK210656,1696452015364
msg-lAD234739,สวัสีด่าดสกดกกดกดกกดกดกดสวัสีด่าดสกดกกดกดกกดกดกดสวัสีด่าดสกดกกดกดกกดกดกดสวัสีด่าดสกดกกดกดกกดกดกดสวัสีด่าดสกดกกดกดกกดกดกดสวัสีด่าดสกดกกดกดกกดกดกด,user-MEf337756,act-PCK210656,1696452017971
msg-wDv904122,สวัสีด่าดสกดกกดกดกกดกดกดสวัสีด่าดสกดกกดกดกกดกดกดสวัสีด่าดสกดกกดกดกกดกดกดสวัสีด่าดสกดกกดกดกกดกดกดสวัสีด่าดสกดกกดกดกกดกดกดสวัสีด่าดสกดกกดกดกกดกดกด,user-MEf337756,act-PCK210656,1696452018748
msg-psY732555,สวัสีด่าดสกดกกดกดกกดกดกดสวัสีด่าดสกดกกดกดกกดกดกดสวัสีด่าดสกดกกดกดกกดกดกดสวัสีด่าดสกดกกดกดกกดกดกดสวัสีด่าดสกดกกดกดกกดกดกดสวัสีด่าดสกดกกดกดกกดกดกด,user-MEf337756,act-PCK210656,1696452019562
msg-Djr790181,สวัสีด่าดสกดกกดกดกกดกดกดสวัสีด่าดสกดกกดกดกกดกดกดสวัสีด่าดสกดกกดกดกกดกดกดสวัสีด่าดสกดกกดกดกกดกดกดสวัสีด่าดสกดกกดกดกกดกดกดสวัสีด่าดสกดกกดกดกกดกดกด,user-MEf337756,act-PCK210656,1696452020699
msg-lxl279972,สวัสดีจ้าคนชอบหมี,user-MEf337756,act-PCK210656,1696452348233
msg-heH234817,สวัสดี,user-iIP330521,act-PCK210656,1696452606931
msg-dak857075,จ้า,user-iIP330521,act-PCK210656,1696452616719
msg-EBG841944,ะ้ัะ้ะ้,user-iIP330521,act-PCK210656,1696452664609
msg-djm455015,ghgg,user-iIP330521,act-kss8630,1696452885936
msg-Eaj234032,ghgh,user-iIP330521,act-kss8630,1696452888320
msg-wGg892221,fhdhdddd,user-iIP330521,act-kss8630,1696452892329
msg-BTM243708,fdhgfh,user-iIP330521,act-PCK210656,1696452898849
msg-Mex91794,fghd,user-iIP330521,act-PCK210656,1696452904841
msg-mvQ416036,sds,user-iIP330521,act-PCK210656,1696452977163
msg-ZFR745237,sds,user-iIP330521,act-PCK210656,1696452979708
msg-aqo473212,zz,user-iIP330521,act-PCK210656,1696452983524
msg-RxO847715,zzzz,user-iIP330521,act-PCK210656,1696452987452
msg-kHf20588,;;,user-iIP330521,act-PCK210656,1696453127781
msg-GPa295473,kllkl,user-iIP330521,act-PCK210656,1696453360379
msg-bOb331171,klkl,user-iIP330521,act-PCK210656,1696453370712
msg-FjP779004,l,user-MEf337756,act-PCK210656,1696453484232
msg-mkj718160,dfdfd,user-iIP330521,act-PCK210656,1696453754801
msg-hBO276914,สวัสีดครับ,user-iIP330521,act-PCK210656,1696453940133
msg-RUW412873,สวัสดีทุกท่านครับ,user-iIP330521,act-PCK210656,1696453958909
msg-DiL782020,helo,user-iIP330521,act-PCK210656,1696455716682
msg-zLp61664,สวัสดีครับ,user-iIP330521,act-pkp351463,1696455731699
msg-LiG507741,ผมชื่อภูมินะ,user-iIP330521,act-pkp351463,1696455744782
msg-NaI536221,ชื่ออะไรกันบ้าง,user-iIP330521,act-pkp351463,1696455750236
msg-USz980159,ไอ้เวร,user-iIP330521,act-pkp351463,1696455753525
msg-vNQ775171,ส,user-iIP330521,act-PCK210656,1696456005228
msg-HZS67053,สวัดีค่ะ ชื่อ หมิงๆค่ะ น่าตาก็อาจไม่ค่ิยดีเท่าไหร่ แต่จะพยายามช่วยให้ได้มากที่่สุดนะคะ,user-ZKt668157,act-pkp351463,1696456070183
msg-uhe119420,หน้าตา **,user-ZKt668157,act-pkp351463,1696456080122
msg-vVI65548,f,user-ZKt668157,act-pkp351463,1696456112844
msg-ija703557,dfd,user-ZKt668157,act-kss8630,1696456118279
msg-hVr665174,สวัสัดครับ,user-iIP330521,act-PCK210656,1696459280077
msg-kWL792776,hello,user-iIP330521,act-PCK210656,1696459285138
msg-cPZ299295,jkj,user-iIP330521,act-kss8630,1696459369133
msg-Zyx74964,จ้าาาาา,user-iIP330521,act-pkp351463,1696459393581
msg-PMz250220,ดดดดดดดดดดดดดดดดดดดดดดดดดดดดดดดดดดดดดดดดดดดดดดดดดดดดดดดดดดดดดดดดดดดดดดดดดดดดดดดดดดดดดดดดดดดดดดดดดดดดดดดดดดดดดดดดดดดดดดดดดดดดดดดดดดดดดดดดดดดดดดดดดดดดดดดดดดดดดดดดดดดดดดดดดดดดดดดดดดดดดดดดดดดดดดดดดดดดดดดดดดดดดดดดดดดดดดดดดดดดดดดดดดดดดดดดดดดดดดดดดดดดดดดดดดดดดดดด,user-iIP330521,act-pkp351463,1696459421358
msg-dCL412958,งอน,user-iIP330521,act-pkp351463,1696459930280
msg-pBr251524,กกกฟวก  ว  กหฟกฟหกฟหกฟไก,user-iIP330521,act-pkp351463,1696459939920
msg-sSF958185,ก,user-iIP330521,act-pkp351463,1696459940196
msg-LsQ270504,ก,user-iIP330521,act-pkp351463,1696459940440
msg-BmP723361,กกกไกไกไก,user-iIP330521,act-pkp351463,1696459941689
msg-Fgu638130,ไก,user-iIP330521,act-pkp351463,1696459941944
msg-HEk109025,กไ,user-iIP330521,act-pkp351463,1696459942305
msg-LKy745417,ก,user-iIP330521,act-pkp351463,1696459942568
msg-awf22276,ไก,user-iIP330521,act-pkp351463,1696459942857
msg-SkH278329,ไ,user-iIP330521,act-pkp351463,1696459943189
msg-Oii312974,ก,user-iIP330521,act-pkp351463,1696459943512
msg-UAA140287,ไก,user-iIP330521,act-pkp351463,1696459943847
msg-HKQ648565,ไก,user-iIP330521,act-pkp351463,1696459944201
msg-YPA675772,ไ,user-iIP330521,act-pkp351463,1696459944568
msg-dHR720618,ก,user-iIP330521,act-pkp351463,1696459944990
msg-WWv229984,ก,user-iIP330521,act-pkp351463,1696459945404
msg-uZJ386634,กก,user-iIP330521,act-pkp351463,1696459945828
msg-oUz859772,ก,user-iIP330521,act-pkp351463,1696459946377
msg-FYR141132,ก,user-iIP330521,act-pkp351463,1696459946890
msg-dEH735591,dfjkljdklfj,user-iIP330521,act-PCK210656,1696462094019
msg-VCn334766,Hello ครับ,user-iIP330521,act-pkp351463,1696462163355
msg-LMO942321,สวัสดีครับสมาชิก ในกลุ่ม,user-iIP330521,act-PCK210656,1696462315540
msg-Vxd364603,fjkldf,user-MEf337756,act-PCK210656,1696462425672
msg-jCk513802,เมื่อไหร่จะทำเสร็จหว่า,user-MEf337756,act-PCK210656,1696462443981
msg-sxN568779,หกหกหกหกหกหกหกหกหกหกหกหกหกหกหกหกหกหกหกหกหกหกหกหกหกหกหกหกหกหกหกหกหกหกหกหกหกหกหกหกหกหกหกหกหกหกหกหกหกหกหกหกหกหกหกหกหกหกหกหกหกหกหกหกหกหกหกหกหกหกหกหก,user-MEf337756,act-PCK210656,1696462459525
msg-ogI934733,ไม่รู้ๆๆๆ,user-iIP330521,act-PCK210656,1696462706065
msg-xKj594649,สวัสดี,user-MEf337756,act-PCK210656,1696462954676
msg-WYs205330,วันนี้เรามาทำอะไรกันนะ,user-MEf337756,act-PCK210656,1696462964990
msg-jtU695435,ทำไมมันช้าจัง,user-MEf337756,act-PCK210656,1696462977008
msg-smc870138,นั่นสินะ,user-MEf337756,act-PCK210656,1696462982139
msg-awr21159,ช้าเกินไปแล้วนนะ,user-MEf337756,act-PCK210656,1696462989920
msg-IEg398978,ต่อให้ฉัน,user-iIP330521,act-PCK210656,1696463217676
msg-QzJ871448,จะรักเธอมากเท่าไหร่,user-iIP330521,act-PCK210656,1696463225624
msg-gCr260520,เห้ย,user-iIP330521,act-PCK210656,1696463294268
msg-NcW346268,หวัดดีแชท,user-iIP330521,act-PCK210656,1696463299121
msg-AqM166112,กดกด,user-iIP330521,act-PCK210656,1696463315197
msg-arE79546,กดดกดก,user-iIP330521,act-PCK210656,1696463321476
msg-QXF844104,หกดกหดหกดกหดกหดหกดกหดหกด,user-iIP330521,act-PCK210656,1696463328292
msg-bez649441,กหฟดกหฟ,user-iIP330521,act-PCK210656,1696463333418
msg-dsH508653,หกดเหกดเ,user-iIP330521,act-PCK210656,1696463337642
msg-eDr888369,dsfsd,user-iIP330521,act-PCK210656,1696463548288
msg-HLA762294,dsfsdfsdf,user-iIP330521,act-PCK210656,1696463552568
msg-OAW362056,sdfsdfdsfds,user-iIP330521,act-PCK210656,1696463555916
msg-BQn696749,สวัสดี,user-iIP330521,act-PCK210656,1696463760817
msg-KXU735458,วันนี้เราจะมาเทสว่ามันจะช้าไหม,user-iIP330521,act-PCK210656,1696463773738
msg-RqC25757,ghjghjg,user-MEf337756,act-PCK210656,1696464069103
msg-jke793007,ghjghjghjghjg,user-MEf337756,act-PCK210656,1696464072779
msg-lCc616858,ghjhgjfgjh,user-MEf337756,act-PCK210656,1696464075852
msg-mYI416887,hfgjhgfjh,user-MEf337756,act-PCK210656,1696464079066
msg-ToU507549,fgjhgfjhgf,user-MEf337756,act-PCK210656,1696464082228
msg-fRp524820,sdfkldx,user-MEf337756,act-PCK210656,1696464085537
msg-yMK358924,jkl'xg,user-MEf337756,act-PCK210656,1696464088921
msg-rwW253369,kl;sd'fg,user-MEf337756,act-PCK210656,1696464092817
msg-dcy560728,jmkl;dg,user-MEf337756,act-PCK210656,1696464096523
msg-Qie428231,jkl'dsg,user-MEf337756,act-PCK210656,1696464100115
msg-nij801216,kl'fg,user-MEf337756,act-PCK210656,1696464103917
msg-PcS184593,jkl;gdsf,user-MEf337756,act-PCK210656,1696464108102
msg-oAN400948,jkl;dsgf,user-MEf337756,act-PCK210656,1696464111975
msg-aGe888921,เย้จบละ,user-iIP330521,act-PCK210656,1696464470672
msg-jKF372246,มาแน้ว,user-ZKt668157,act-PCK210656,1696516028495
msg-Bwb310107,de kub,user-ZKt668157,act-wwO272555,1696555570436
msg-YLB936262,xcxcx,user-iIP330521,act-wwO272555,1696555901780
msg-sOu95717,dd,user-iIP330521,act-wwO272555,1696555914998
msg-rWo338811,sfsfdsfds,user-iIP330521,act-Zsi703435,1696712536323
msg-BqD868988,dfdfd,user-iIP330521,act-Auh759251,1696712585529
msg-NCC671465,สวัสดีค้าบบบบบ,user-iIP330521,act-Bqj850226,1696713882415
msg-bzq484172,ชื่ออะไรกันบ้างค้าบ,user-iIP330521,act-Bqj850226,1696713887176
msg-Qrq95512,ผมชื่อภูมินะค้าบ,user-iIP330521,act-Bqj850226,1696713892804
msg-Mev892918,ไอ้เวร,user-iIP330521,act-Bqj850226,1696713894086
msg-bqx845633,fee,user-ZKt668157,act-Zsi703435,1696744213070
msg-KJm288204,esf,user-ZKt668157,act-Zsi703435,1696744213803
msg-hgA930378,fef,user-ZKt668157,act-Zsi703435,1696744214156
msg-yvb80806,f,user-ZKt668157,act-Zsi703435,1696744214365
msg-hcu196064,ef,user-ZKt668157,act-Zsi703435,1696744214553
msg-WYs350419,fe,user-ZKt668157,act-Zsi703435,1696744215325
msg-ggx129747,fe,user-ZKt668157,act-Zsi703435,1696744215536
msg-dAd848613,fe,user-ZKt668157,act-Zsi703435,1696744215746
msg-PkW406327,f,user-ZKt668157,act-Zsi703435,1696744215912
msg-nYk917879,ef,user-ZKt668157,act-Zsi703435,1696744216105
msg-ajG810386,ef,user-ZKt668157,act-Zsi703435,1696744216241
msg-lPc852405,ef,user-ZKt668157,act-Zsi703435,1696744216400
msg-SRW896252,we,user-ZKt668157,act-Zsi703435,1696744216548
msg-axJ785930,fwe,user-ZKt668157,act-Zsi703435,1696744216668
msg-bqT285271,fwe,user-ZKt668157,act-Zsi703435,1696744216840
msg-pij521508,f,user-ZKt668157,act-Zsi703435,1696744216930
msg-NQX579865,wef,user-ZKt668157,act-Zsi703435,1696744217073
msg-EGp72881,wef,user-ZKt668157,act-Zsi703435,1696744217351
msg-YEG851051,ghe,user-ZKt668157,act-Zsi703435,1696744217515
msg-arP28821,h,user-ZKt668157,act-Zsi703435,1696744217629
msg-EVG227403,erhj,user-ZKt668157,act-Zsi703435,1696744217801
msg-OAz143492,rtyh,user-ZKt668157,act-Zsi703435,1696744217958
msg-DAC935799,rt,user-ZKt668157,act-Zsi703435,1696744218078
msg-efF504091,hy,user-ZKt668157,act-Zsi703435,1696744218168
msg-snt436452,ry,user-ZKt668157,act-Zsi703435,1696744218408
msg-aqs583479,y,user-ZKt668157,act-Zsi703435,1696744218679
msg-PJw462979,y,user-ZKt668157,act-Zsi703435,1696744218836
msg-DPm563849,y,user-ZKt668157,act-Zsi703435,1696744219015
msg-zzf373555,y,user-ZKt668157,act-Zsi703435,1696744219766
msg-lUL876923,tj,user-ZKt668157,act-Zsi703435,1696744219945
msg-Ulw655379,y,user-ZKt668157,act-Zsi703435,1696744220245
msg-nuH941769,hrtfgththththtrh,user-iIP330521,act-Zsi703435,1696744255669
msg-mdr920906,hrththrt,user-iIP330521,act-Zsi703435,1696744257127
msg-zOs462197,hrth,user-iIP330521,act-Zsi703435,1696744257661
msg-KTe463098,rth,user-iIP330521,act-Zsi703435,1696744257901
msg-Ppf152040,rth,user-iIP330521,act-Zsi703435,1696744258101
msg-SXy846925,rth,user-iIP330521,act-Zsi703435,1696744258276
msg-QMs21729,rthtr,user-iIP330521,act-Zsi703435,1696744258529
msg-Ubl388659,h,user-iIP330521,act-Zsi703435,1696744258679
msg-osj190171,rth,user-iIP330521,act-Zsi703435,1696744258865
msg-InV821367,rth,user-iIP330521,act-Zsi703435,1696744259043
msg-RKo364521,rt,user-iIP330521,act-Zsi703435,1696744259203
msg-iRN424330,hrt,user-iIP330521,act-Zsi703435,1696744259362
msg-qEx911265,h,user-iIP330521,act-Zsi703435,1696744259485
msg-Bhh613422,rth,user-iIP330521,act-Zsi703435,1696744259664
msg-vfQ889949,rt,user-iIP330521,act-Zsi703435,1696744259832
msg-wmp672370,hrt,user-iIP330521,act-Zsi703435,1696744260046
msg-QOt692075,hrt,user-iIP330521,act-Zsi703435,1696744260202
msg-DaZ67076,r,user-iIP330521,act-Zsi703435,1696744260379
msg-FQW999126,th,user-iIP330521,act-Zsi703435,1696744260563
msg-baV704669,rth,user-iIP330521,act-Zsi703435,1696744260737
msg-EFA69362,rt,user-iIP330521,act-Zsi703435,1696744260901
msg-MLh434702,hrt,user-iIP330521,act-Zsi703435,1696744261064
msg-ZPD325783,hr,user-iIP330521,act-Zsi703435,1696744261231
msg-IOx598324,th,user-iIP330521,act-Zsi703435,1696744261397
msg-qDt549370,rt,user-iIP330521,act-Zsi703435,1696744261562
msg-aRd501682,hrt,user-iIP330521,act-Zsi703435,1696744261722
msg-urs660383,hr,user-iIP330521,act-Zsi703435,1696744261899
msg-dgc105747,th,user-iIP330521,act-Zsi703435,1696744262057
msg-Geh92232,th,user-iIP330521,act-Zsi703435,1696744262236
msg-xXr62122,t,user-iIP330521,act-Zsi703435,1696744262428
msg-wci392195,htrhhhhhh,user-iIP330521,act-Zsi703435,1696744263146
msg-GVB275169,hhhhhh,user-iIP330521,act-Zsi703435,1696744263364
msg-XtT912327,hhhhhhhhhhhhhhhhhh,user-iIP330521,act-Zsi703435,1696744263940
msg-zYF719871,hhhhh,user-iIP330521,act-Zsi703435,1696744264113
msg-rBd356723,hhhhh,user-iIP330521,act-Zsi703435,1696744264265
msg-kwW871420,hhhh,user-iIP330521,act-Zsi703435,1696744264408
