mingmmie,2023092715480170,Owner,true
mingmmie,2023092215081365,Member,true
mingmmie,2023100223532921,Owner,true
mingmmie,2023092215350335,Leader,true
Test,2023100501331572,Member,false
Test,2023100501505393,Member,false
Test,2023100501510652,Member,false
OwlVi,2023092215350335,Owner,false
OwlVi,2023100501331572,Owner,false
OwlVi,2023100501505393,Owner,false
OwlVi,2023100501510652,Owner,false
HomieZ09,2023092215081365,Member,false
HomieZ09,2023092923564984,Member,false
HomieZ09,2023100321282691,Owner,false
